,zcr,rms,centroid,bandwidth,rolloff,chroma,mfcc,contrast
zcr,1.0,0.17926785284088145,0.9369040694371206,0.19591946794476578,0.7264573510001145,-0.32021845487703743,-0.011355462942256032,0.11879776556736903
rms,0.17926785284088145,1.0,0.17907105716887095,0.015216660522059854,0.12847974602576517,-0.3717739189553543,0.6584851109616061,0.2725068923644221
centroid,0.9369040694371206,0.17907105716887095,1.0,0.49901359665306905,0.9106589078534482,-0.24612022604378375,0.033948806907874295,0.11757708920879799
bandwidth,0.19591946794476578,0.015216660522059854,0.49901359665306905,1.0,0.7476937234822056,0.2588419342093312,0.18689332882757953,0.01812328909886839
rolloff,0.7264573510001145,0.12847974602576517,0.9106589078534482,0.7476937234822056,1.0,-0.10433580743131146,0.08340768243941499,0.07084878613373836
chroma,-0.32021845487703743,-0.3717739189553543,-0.24612022604378375,0.2588419342093312,-0.10433580743131146,1.0,0.21869326108773654,-0.323459405986228
mfcc,-0.011355462942256032,0.6584851109616061,0.033948806907874295,0.18689332882757953,0.08340768243941499,0.21869326108773654,1.0,0.12552454786403655
contrast,0.11879776556736903,0.2725068923644221,0.11757708920879799,0.01812328909886839,0.07084878613373836,-0.323459405986228,0.12552454786403655,1.0
