Statistic,Value
count, 7442.0
mean,2.5428645525396396
std,0.5059913975338949
min,1.268
25%,2.202
50%,2.502
75%,2.836
max,5.005
