Emotion,Average Duration (s),Duration Std (s)
Angry,2.5851140833988984,0.4905066948405404
Disgust,2.778804091266719,0.5799649610775957
Fear,2.51294256490952,0.4621917954201816
Happy,2.3428560188827694,0.4329251655172685
Neutral,2.431674333026679,0.421588630104097
Sad,2.5940047206923684,0.5059257640384156
